ROE_5Y,EPS_5Y,毛利率_5Y,現金殖利率,正負樣本,代碼,備註
-1.45,-0.23,23.22,7.62,-1,1806,"ROE_5Y <= 10.035, 現金殖利率 >= 5.045, 毛利率_5Y >= 20.335"
3.93,1.53,20.8,5.45,1,4916,"ROE_5Y <= 10.035, 現金殖利率 >= 5.045, 毛利率_5Y >= 20.335"
9.71,1.33,28.09,8.09,1,1463,"ROE_5Y <= 10.035, 現金殖利率 >= 5.045, 毛利率_5Y >= 20.335"
-9.71,-1.52,30.64,8.2,-1,3041,"ROE_5Y <= 10.035, 現金殖利率 >= 5.045, 毛利率_5Y >= 20.335"
8.01,2.47,25.18,5.63,1,1532,"ROE_5Y <= 10.035, 現金殖利率 >= 5.045, 毛利率_5Y >= 20.335"
7.3,2.45,37.7,7.56,1,2527,"ROE_5Y <= 10.035, 現金殖利率 >= 5.045, 毛利率_5Y >= 20.335"
6.78,5.62,24.05,6.63,1,1338,"ROE_5Y <= 10.035, 現金殖利率 >= 5.045, 毛利率_5Y >= 20.335"
-16.24,-1.41,73.41,6.3,-1,1432,"ROE_5Y <= 10.035, 現金殖利率 >= 5.045, 毛利率_5Y >= 20.335"
8.64,4.39,22.1,6.31,1,4942,"ROE_5Y <= 10.035, 現金殖利率 >= 5.045, 毛利率_5Y >= 20.335"
3.83,0.64,22.37,5.1,1,1540,"ROE_5Y <= 10.035, 現金殖利率 >= 5.045, 毛利率_5Y >= 20.335"
9.43,3.22,38.8,7.04,1,2545,"ROE_5Y <= 10.035, 現金殖利率 >= 5.045, 毛利率_5Y >= 20.335"
4.27,0.66,23.2,5.41,1,1316,"ROE_5Y <= 10.035, 現金殖利率 >= 5.045, 毛利率_5Y >= 20.335"
8.93,6.63,23.49,5.05,1,3376,"ROE_5Y <= 10.035, 現金殖利率 >= 5.045, 毛利率_5Y >= 20.335"
-10.08,-0.59,27.79,16.12,-1,4943,"ROE_5Y <= 10.035, 現金殖利率 >= 5.045, 毛利率_5Y >= 20.335"
-4.54,-0.44,32.47,18.33,-1,9912,"ROE_5Y <= 10.035, 現金殖利率 >= 5.045, 毛利率_5Y >= 20.335"
9.69,3.4,21.95,6.07,1,8039,"ROE_5Y <= 10.035, 現金殖利率 >= 5.045, 毛利率_5Y >= 20.335"
5.82,2.13,22.43,6.17,1,8473,"ROE_5Y <= 10.035, 現金殖利率 >= 5.045, 毛利率_5Y >= 20.335"
-1.65,-0.15,30.95,7.84,-1,4562,"ROE_5Y <= 10.035, 現金殖利率 >= 5.045, 毛利率_5Y >= 20.335"
4.09,1.45,27.4,6.03,1,2536,"ROE_5Y <= 10.035, 現金殖利率 >= 5.045, 毛利率_5Y >= 20.335"
9.51,2.19,28.8,6.0,1,4564,"ROE_5Y <= 10.035, 現金殖利率 >= 5.045, 毛利率_5Y >= 20.335"
7.55,1.51,23.74,7.0,1,2501,"ROE_5Y <= 10.035, 現金殖利率 >= 5.045, 毛利率_5Y >= 20.335"
8.78,4.27,25.36,6.35,1,3501,"ROE_5Y <= 10.035, 現金殖利率 >= 5.045, 毛利率_5Y >= 20.335"
6.95,0.97,21.75,5.91,1,6168,"ROE_5Y <= 10.035, 現金殖利率 >= 5.045, 毛利率_5Y >= 20.335"
9.81,4.05,24.67,6.29,1,1102,"ROE_5Y <= 10.035, 現金殖利率 >= 5.045, 毛利率_5Y >= 20.335"
6.94,2.71,24.6,6.16,1,2393,"ROE_5Y <= 10.035, 現金殖利率 >= 5.045, 毛利率_5Y >= 20.335"
-5.97,-0.65,44.02,11.47,-1,2911,"ROE_5Y <= 10.035, 現金殖利率 >= 5.045, 毛利率_5Y >= 20.335"
2.15,1.17,73.87,9.66,1,5907,"ROE_5Y <= 10.035, 現金殖利率 >= 5.045, 毛利率_5Y >= 20.335"
8.63,1.58,30.33,5.08,1,2340,"ROE_5Y <= 10.035, 現金殖利率 >= 5.045, 毛利率_5Y >= 20.335"
15.45,2.43,3.05,5.68,1,3048,"ROE_5Y >= 10.035, 現金殖利率 >= 4.905, 毛利率_5Y <= 19.98"
12.35,3.18,18.72,6.27,1,8131,"ROE_5Y >= 10.035, 現金殖利率 >= 4.905, 毛利率_5Y <= 19.98"
17.79,4.66,7.57,5.67,1,2546,"ROE_5Y >= 10.035, 現金殖利率 >= 4.905, 毛利率_5Y <= 19.98"
21.82,4.49,2.85,8.58,1,8112,"ROE_5Y >= 10.035, 現金殖利率 >= 4.905, 毛利率_5Y <= 19.98"
16.21,5.98,14.19,6.09,1,2597,"ROE_5Y >= 10.035, 現金殖利率 >= 4.905, 毛利率_5Y <= 19.98"
11.73,2.95,17.6,5.11,1,4722,"ROE_5Y >= 10.035, 現金殖利率 >= 4.905, 毛利率_5Y <= 19.98"
19.94,5.0,18.97,5.35,1,6281,"ROE_5Y >= 10.035, 現金殖利率 >= 4.905, 毛利率_5Y <= 19.98"
14.07,3.8,15.6,6.35,1,8271,"ROE_5Y >= 10.035, 現金殖利率 >= 4.905, 毛利率_5Y <= 19.98"
12.27,2.5,4.84,6.69,1,3231,"ROE_5Y >= 10.035, 現金殖利率 >= 4.905, 毛利率_5Y <= 19.98"
17.38,3.1,16.15,6.33,1,1541,"ROE_5Y >= 10.035, 現金殖利率 >= 4.905, 毛利率_5Y <= 19.98"
23.42,6.32,16.56,5.48,1,5546,"ROE_5Y >= 10.035, 現金殖利率 >= 4.905, 毛利率_5Y <= 19.98"
17.49,5.39,4.09,5.39,1,2347,"ROE_5Y >= 10.035, 現金殖利率 >= 4.905, 毛利率_5Y <= 19.98"
15.18,3.73,15.33,8.48,1,1521,"ROE_5Y >= 10.035, 現金殖利率 >= 4.905, 毛利率_5Y <= 19.98"
10.77,4.32,16.86,6.11,1,2459,"ROE_5Y >= 10.035, 現金殖利率 >= 4.905, 毛利率_5Y <= 19.98"
11.46,5.43,14.63,8.02,1,8213,"ROE_5Y >= 10.035, 現金殖利率 >= 4.905, 毛利率_5Y <= 19.98"
11.13,2.84,10.93,6.02,1,2535,"ROE_5Y >= 10.035, 現金殖利率 >= 4.905, 毛利率_5Y <= 19.98"
14.37,5.42,5.15,5.63,1,2382,"ROE_5Y >= 10.035, 現金殖利率 >= 4.905, 毛利率_5Y <= 19.98"
10.76,27.74,16.39,9.0,1,2357,"ROE_5Y >= 10.035, 現金殖利率 >= 4.905, 毛利率_5Y <= 19.98"
13.01,7.15,18.26,6.0,1,1301,"ROE_5Y >= 10.035, 現金殖利率 >= 4.905, 毛利率_5Y <= 19.98"
19.76,8.9,19.92,6.54,1,6504,"ROE_5Y >= 10.035, 現金殖利率 >= 4.905, 毛利率_5Y <= 19.98"
28.63,15.07,15.6,5.98,1,6691,"ROE_5Y >= 10.035, 現金殖利率 >= 4.905, 毛利率_5Y <= 19.98"
23.75,4.2,18.65,7.6,1,1515,"ROE_5Y >= 10.035, 現金殖利率 >= 4.905, 毛利率_5Y <= 19.98"
14.27,2.01,11.5,7.16,1,2020,"ROE_5Y >= 10.035, 現金殖利率 >= 4.905, 毛利率_5Y <= 19.98"
19.26,7.22,17.11,6.3,1,2385,"ROE_5Y >= 10.035, 現金殖利率 >= 4.905, 毛利率_5Y <= 19.98"
17.5,7.88,18.11,6.08,1,2376,"ROE_5Y >= 10.035, 現金殖利率 >= 4.905, 毛利率_5Y <= 19.98"
13.96,2.86,10.17,5.42,1,3029,"ROE_5Y >= 10.035, 現金殖利率 >= 4.905, 毛利率_5Y <= 19.98"
11.0,2.5,8.01,6.42,1,2069,"ROE_5Y >= 10.035, 現金殖利率 >= 4.905, 毛利率_5Y <= 19.98"
21.64,4.84,16.73,5.02,1,6412,"ROE_5Y >= 10.035, 現金殖利率 >= 4.905, 毛利率_5Y <= 19.98"
27.83,19.59,15.16,8.65,1,2227,"ROE_5Y >= 10.035, 現金殖利率 >= 4.905, 毛利率_5Y <= 19.98"
16.29,10.4,19.32,6.62,1,3044,"ROE_5Y >= 10.035, 現金殖利率 >= 4.905, 毛利率_5Y <= 19.98"
12.88,5.98,16.11,6.61,1,1303,"ROE_5Y >= 10.035, 現金殖利率 >= 4.905, 毛利率_5Y <= 19.98"
24.39,9.84,18.03,6.27,1,2609,"ROE_5Y >= 10.035, 現金殖利率 >= 4.905, 毛利率_5Y <= 19.98"
13.8,4.71,4.07,5.39,1,3702,"ROE_5Y >= 10.035, 現金殖利率 >= 4.905, 毛利率_5Y <= 19.98"
12.77,2.19,5.99,5.53,1,3033,"ROE_5Y >= 10.035, 現金殖利率 >= 4.905, 毛利率_5Y <= 19.98"
14.71,3.67,11.13,5.26,1,2031,"ROE_5Y >= 10.035, 現金殖利率 >= 4.905, 毛利率_5Y <= 19.98"
14.37,2.96,8.02,6.8,1,6189,"ROE_5Y >= 10.035, 現金殖利率 >= 4.905, 毛利率_5Y <= 19.98"
13.2,2.84,10.79,6.47,1,6112,"ROE_5Y >= 10.035, 現金殖利率 >= 4.905, 毛利率_5Y <= 19.98"
15.22,4.91,13.62,5.79,1,2015,"ROE_5Y >= 10.035, 現金殖利率 >= 4.905, 毛利率_5Y <= 19.98"
13.74,4.03,16.97,5.31,1,1312,"ROE_5Y >= 10.035, 現金殖利率 >= 4.905, 毛利率_5Y <= 19.98"
19.07,10.74,13.85,9.2,1,2439,"ROE_5Y >= 10.035, 現金殖利率 >= 4.905, 毛利率_5Y <= 19.98"
11.48,2.93,10.18,7.61,1,9927,"ROE_5Y >= 10.035, 現金殖利率 >= 4.905, 毛利率_5Y <= 19.98"
13.73,3.16,12.42,5.49,1,3528,"ROE_5Y >= 10.035, 現金殖利率 >= 4.905, 毛利率_5Y <= 19.98"
11.6,3.04,16.76,7.76,1,3032,"ROE_5Y >= 10.035, 現金殖利率 >= 4.905, 毛利率_5Y <= 19.98"
19.07,13.45,9.44,6.36,1,6456,"ROE_5Y >= 10.035, 現金殖利率 >= 4.905, 毛利率_5Y <= 19.98"
11.14,2.29,32.73,3.29,1,3645,"ROE_5Y >= 10.035, 毛利率_5Y >= 19.98"
12.49,5.46,47.5,8.46,1,2496,"ROE_5Y >= 10.035, 毛利率_5Y >= 19.98"
21.09,7.26,38.13,4.86,1,2114,"ROE_5Y >= 10.035, 毛利率_5Y >= 19.98"
13.06,4.65,20.74,2.23,1,4755,"ROE_5Y >= 10.035, 毛利率_5Y >= 19.98"
20.7,21.36,49.0,1.02,1,1590,"ROE_5Y >= 10.035, 毛利率_5Y >= 19.98"
14.85,3.1,24.13,4.73,1,1323,"ROE_5Y >= 10.035, 毛利率_5Y >= 19.98"
31.76,8.82,46.63,8.15,1,2458,"ROE_5Y >= 10.035, 毛利率_5Y >= 19.98"
14.47,8.16,30.88,2.92,1,4536,"ROE_5Y >= 10.035, 毛利率_5Y >= 19.98"
13.09,3.61,37.98,7.44,1,6671,"ROE_5Y >= 10.035, 毛利率_5Y >= 19.98"
10.09,2.66,20.74,3.05,1,1229,"ROE_5Y >= 10.035, 毛利率_5Y >= 19.98"
11.33,3.41,28.63,4.65,1,1436,"ROE_5Y >= 10.035, 毛利率_5Y >= 19.98"
12.28,3.53,40.69,1.83,1,1762,"ROE_5Y >= 10.035, 毛利率_5Y >= 19.98"
14.3,9.09,20.44,5.27,1,6269,"ROE_5Y >= 10.035, 毛利率_5Y >= 19.98"
14.02,4.45,36.77,2.8,1,3583,"ROE_5Y >= 10.035, 毛利率_5Y >= 19.98"
23.82,6.51,62.94,5.14,1,6666,"ROE_5Y >= 10.035, 毛利率_5Y >= 19.98"
16.93,6.1,34.67,2.96,1,8114,"ROE_5Y >= 10.035, 毛利率_5Y >= 19.98"
16.98,18.52,41.07,1.55,1,3406,"ROE_5Y >= 10.035, 毛利率_5Y >= 19.98"
19.92,4.14,33.73,4.75,1,1216,"ROE_5Y >= 10.035, 毛利率_5Y >= 19.98"
17.53,5.61,27.85,11.43,1,1325,"ROE_5Y >= 10.035, 毛利率_5Y >= 19.98"
28.1,12.43,36.78,11.64,1,6582,"ROE_5Y >= 10.035, 毛利率_5Y >= 19.98"
11.82,2.08,20.95,3.58,1,3338,"ROE_5Y >= 10.035, 毛利率_5Y >= 19.98"
23.76,10.43,43.51,2.26,1,5306,"ROE_5Y >= 10.035, 毛利率_5Y >= 19.98"
16.11,13.46,23.75,2.69,1,3665,"ROE_5Y >= 10.035, 毛利率_5Y >= 19.98"
10.85,2.62,45.26,4.93,1,3705,"ROE_5Y >= 10.035, 毛利率_5Y >= 19.98"
21.2,6.51,27.35,2.84,1,1773,"ROE_5Y >= 10.035, 毛利率_5Y >= 19.98"
33.93,10.4,31.2,4.36,1,2707,"ROE_5Y >= 10.035, 毛利率_5Y >= 19.98"
12.49,3.9,30.21,7.38,1,2433,"ROE_5Y >= 10.035, 毛利率_5Y >= 19.98"
14.7,6.78,20.01,2.84,1,6230,"ROE_5Y >= 10.035, 毛利率_5Y >= 19.98"
13.23,3.52,27.2,5.86,1,2520,"ROE_5Y >= 10.035, 毛利率_5Y >= 19.98"
14.48,15.7,52.96,1.76,1,2059,"ROE_5Y >= 10.035, 毛利率_5Y >= 19.98"
14.26,3.74,20.85,5.72,1,8150,"ROE_5Y >= 10.035, 毛利率_5Y >= 19.98"
10.05,3.0,26.79,2.34,1,4148,"ROE_5Y >= 10.035, 毛利率_5Y >= 19.98"
12.51,10.13,34.45,1.92,1,2049,"ROE_5Y >= 10.035, 毛利率_5Y >= 19.98"
26.61,13.99,83.16,6.68,1,4137,"ROE_5Y >= 10.035, 毛利率_5Y >= 19.98"
11.99,6.57,48.2,5.07,1,6464,"ROE_5Y >= 10.035, 毛利率_5Y >= 19.98"
14.55,2.12,40.72,2.55,1,6183,"ROE_5Y >= 10.035, 毛利率_5Y >= 19.98"
11.5,3.81,33.82,2.1,1,3022,"ROE_5Y >= 10.035, 毛利率_5Y >= 19.98"
22.95,5.55,33.42,1.81,1,4968,"ROE_5Y >= 10.035, 毛利率_5Y >= 19.98"
14.13,3.12,24.49,4.62,1,3450,"ROE_5Y >= 10.035, 毛利率_5Y >= 19.98"
14.77,3.16,22.8,4.94,1,5007,"ROE_5Y >= 10.035, 毛利率_5Y >= 19.98"
10.48,5.6,24.96,6.97,1,6214,"ROE_5Y >= 10.035, 毛利率_5Y >= 19.98"
11.0,3.69,26.64,5.87,1,1101,"ROE_5Y >= 10.035, 毛利率_5Y >= 19.98"
11.22,5.04,20.14,4.05,1,9939,"ROE_5Y >= 10.035, 毛利率_5Y >= 19.98"
11.97,6.08,28.25,1.17,1,3653,"ROE_5Y >= 10.035, 毛利率_5Y >= 19.98"
14.84,11.51,24.88,7.23,1,1558,"ROE_5Y >= 10.035, 毛利率_5Y >= 19.98"
19.94,9.14,89.83,4.66,1,3130,"ROE_5Y >= 10.035, 毛利率_5Y >= 19.98"
10.05,2.27,24.15,2.06,1,2481,"ROE_5Y >= 10.035, 毛利率_5Y >= 19.98"
22.32,3.82,35.49,3.97,1,2337,"ROE_5Y >= 10.035, 毛利率_5Y >= 19.98"
18.47,5.73,33.2,3.01,1,4571,"ROE_5Y >= 10.035, 毛利率_5Y >= 19.98"
16.47,1.68,28.14,3.86,1,2614,"ROE_5Y >= 10.035, 毛利率_5Y >= 19.98"
14.27,4.67,26.89,7.42,1,2397,"ROE_5Y >= 10.035, 毛利率_5Y >= 19.98"
12.96,28.02,41.38,4.48,1,2454,"ROE_5Y >= 10.035, 毛利率_5Y >= 19.98"
37.83,14.36,23.89,4.78,1,6670,"ROE_5Y >= 10.035, 毛利率_5Y >= 19.98"
12.46,2.14,24.86,3.29,1,9926,"ROE_5Y >= 10.035, 毛利率_5Y >= 19.98"
41.34,18.97,64.62,4.79,1,3563,"ROE_5Y >= 10.035, 毛利率_5Y >= 19.98"
13.78,3.61,23.16,5.12,1,6754,"ROE_5Y >= 10.035, 毛利率_5Y >= 19.98"
16.45,4.94,27.33,5.59,1,2441,"ROE_5Y >= 10.035, 毛利率_5Y >= 19.98"
15.7,4.03,33.25,5.07,1,1702,"ROE_5Y >= 10.035, 毛利率_5Y >= 19.98"
18.33,5.8,21.41,4.15,1,3006,"ROE_5Y >= 10.035, 毛利率_5Y >= 19.98"
16.23,3.31,21.73,2.16,1,1231,"ROE_5Y >= 10.035, 毛利率_5Y >= 19.98"
41.13,23.79,27.73,1.35,1,6409,"ROE_5Y >= 10.035, 毛利率_5Y >= 19.98"
25.21,8.2,34.72,4.05,1,6706,"ROE_5Y >= 10.035, 毛利率_5Y >= 19.98"
17.48,3.13,28.16,5.65,1,1227,"ROE_5Y >= 10.035, 毛利率_5Y >= 19.98"
14.61,4.47,30.69,2.12,1,1560,"ROE_5Y >= 10.035, 毛利率_5Y >= 19.98"
18.39,7.74,28.62,2.4,1,4551,"ROE_5Y >= 10.035, 毛利率_5Y >= 19.98"
19.77,3.06,50.71,1.18,1,5222,"ROE_5Y >= 10.035, 毛利率_5Y >= 19.98"
12.73,23.65,33.87,6.65,1,2474,"ROE_5Y >= 10.035, 毛利率_5Y >= 19.98"
16.25,4.5,27.55,6.65,1,3005,"ROE_5Y >= 10.035, 毛利率_5Y >= 19.98"
27.23,5.29,49.21,7.17,1,6202,"ROE_5Y >= 10.035, 毛利率_5Y >= 19.98"
17.58,5.54,28.33,4.17,1,6438,"ROE_5Y >= 10.035, 毛利率_5Y >= 19.98"
19.54,4.53,25.92,4.95,1,3045,"ROE_5Y >= 10.035, 毛利率_5Y >= 19.98"
18.73,3.94,35.17,4.7,1,9911,"ROE_5Y >= 10.035, 毛利率_5Y >= 19.98"
13.89,3.9,28.85,5.42,1,6257,"ROE_5Y >= 10.035, 毛利率_5Y >= 19.98"
32.01,6.72,23.65,2.74,1,9910,"ROE_5Y >= 10.035, 毛利率_5Y >= 19.98"
16.35,4.98,23.25,3.77,1,1723,"ROE_5Y >= 10.035, 毛利率_5Y >= 19.98"
17.08,2.67,30.47,6.13,1,9940,"ROE_5Y >= 10.035, 毛利率_5Y >= 19.98"
16.22,2.82,25.68,2.47,1,1526,"ROE_5Y >= 10.035, 毛利率_5Y >= 19.98"
13.68,1.92,29.76,1.95,1,2539,"ROE_5Y >= 10.035, 毛利率_5Y >= 19.98"
19.22,4.92,27.65,3.37,1,8462,"ROE_5Y >= 10.035, 毛利率_5Y >= 19.98"
14.87,8.62,28.26,1.94,1,2308,"ROE_5Y >= 10.035, 毛利率_5Y >= 19.98"
23.34,6.11,33.89,7.16,1,5234,"ROE_5Y >= 10.035, 毛利率_5Y >= 19.98"
33.2,37.27,42.28,5.55,1,2327,"ROE_5Y >= 10.035, 毛利率_5Y >= 19.98"
26.61,9.48,81.57,4.4,1,1707,"ROE_5Y >= 10.035, 毛利率_5Y >= 19.98"
32.4,14.91,50.86,3.64,1,8464,"ROE_5Y >= 10.035, 毛利率_5Y >= 19.98"
10.17,4.49,31.22,7.15,1,4999,"ROE_5Y >= 10.035, 毛利率_5Y >= 19.98"
15.79,3.24,37.65,6.38,1,2420,"ROE_5Y >= 10.035, 毛利率_5Y >= 19.98"
18.74,6.26,39.17,6.05,1,6641,"ROE_5Y >= 10.035, 毛利率_5Y >= 19.98"
18.87,5.92,74.73,4.44,1,4190,"ROE_5Y >= 10.035, 毛利率_5Y >= 19.98"
13.49,5.75,22.93,7.87,1,1582,"ROE_5Y >= 10.035, 毛利率_5Y >= 19.98"
12.14,3.59,20.97,3.64,1,4764,"ROE_5Y >= 10.035, 毛利率_5Y >= 19.98"
18.12,9.84,37.91,7.63,1,5534,"ROE_5Y >= 10.035, 毛利率_5Y >= 19.98"
19.36,11.13,36.82,6.12,1,8081,"ROE_5Y >= 10.035, 毛利率_5Y >= 19.98"
25.36,11.6,38.36,3.8,1,5283,"ROE_5Y >= 10.035, 毛利率_5Y >= 19.98"
13.8,2.08,28.14,2.97,1,2505,"ROE_5Y >= 10.035, 毛利率_5Y >= 19.98"
14.53,3.88,26.9,5.46,1,1527,"ROE_5Y >= 10.035, 毛利率_5Y >= 19.98"
28.01,5.98,33.14,7.85,1,2108,"ROE_5Y >= 10.035, 毛利率_5Y >= 19.98"
17.74,8.06,40.15,6.69,1,2408,"ROE_5Y >= 10.035, 毛利率_5Y >= 19.98"
14.37,8.59,29.98,6.96,1,2548,"ROE_5Y >= 10.035, 毛利率_5Y >= 19.98"
14.26,2.45,21.84,2.58,1,6743,"ROE_5Y >= 10.035, 毛利率_5Y >= 19.98"
11.07,4.43,41.66,3.26,1,4572,"ROE_5Y >= 10.035, 毛利率_5Y >= 19.98"
19.6,8.12,32.33,5.87,1,8480,"ROE_5Y >= 10.035, 毛利率_5Y >= 19.98"
10.31,4.74,24.01,7.58,1,2451,"ROE_5Y >= 10.035, 毛利率_5Y >= 19.98"
13.13,2.14,23.84,11.33,1,4807,"ROE_5Y >= 10.035, 毛利率_5Y >= 19.98"
10.68,5.1,21.43,7.45,1,4552,"ROE_5Y >= 10.035, 毛利率_5Y >= 19.98"
15.23,3.67,39.43,2.03,1,4919,"ROE_5Y >= 10.035, 毛利率_5Y >= 19.98"
19.07,6.75,46.26,2.95,1,2231,"ROE_5Y >= 10.035, 毛利率_5Y >= 19.98"
21.61,11.46,66.09,2.44,1,5871,"ROE_5Y >= 10.035, 毛利率_5Y >= 19.98"
11.69,2.62,44.32,3.67,1,1720,"ROE_5Y >= 10.035, 毛利率_5Y >= 19.98"
11.37,2.63,26.24,3.87,1,6449,"ROE_5Y >= 10.035, 毛利率_5Y >= 19.98"
12.11,13.7,22.36,3.14,1,6414,"ROE_5Y >= 10.035, 毛利率_5Y >= 19.98"
24.1,15.41,28.06,2.32,1,1476,"ROE_5Y >= 10.035, 毛利率_5Y >= 19.98"
18.48,21.46,36.27,1.44,1,3533,"ROE_5Y >= 10.035, 毛利率_5Y >= 19.98"
19.59,33.01,48.65,2.03,1,6415,"ROE_5Y >= 10.035, 毛利率_5Y >= 19.98"
18.64,7.95,21.31,1.77,1,4912,"ROE_5Y >= 10.035, 毛利率_5Y >= 19.98"
20.58,3.49,25.3,0.84,1,6715,"ROE_5Y >= 10.035, 毛利率_5Y >= 19.98"
16.79,4.82,46.22,6.6,1,6224,"ROE_5Y >= 10.035, 毛利率_5Y >= 19.98"
25.3,13.49,24.53,3.22,1,3413,"ROE_5Y >= 10.035, 毛利率_5Y >= 19.98"
19.23,4.06,42.11,6.43,1,5471,"ROE_5Y >= 10.035, 毛利率_5Y >= 19.98"
11.06,3.36,32.34,5.74,1,1598,"ROE_5Y >= 10.035, 毛利率_5Y >= 19.98"
14.49,5.11,63.98,3.16,1,6592,"ROE_5Y >= 10.035, 毛利率_5Y >= 19.98"
17.92,4.13,54.48,5.3,1,3030,"ROE_5Y >= 10.035, 毛利率_5Y >= 19.98"
28.7,17.93,36.4,8.32,1,2492,"ROE_5Y >= 10.035, 毛利率_5Y >= 19.98"
33.72,25.93,49.46,1.91,1,5269,"ROE_5Y >= 10.035, 毛利率_5Y >= 19.98"
17.21,4.41,60.89,13.33,1,3040,"ROE_5Y >= 10.035, 毛利率_5Y >= 19.98"
16.45,10.22,21.9,2.69,1,9921,"ROE_5Y >= 10.035, 毛利率_5Y >= 19.98"
14.6,3.24,23.93,6.62,1,3092,"ROE_5Y >= 10.035, 毛利率_5Y >= 19.98"
12.54,2.57,28.17,5.82,1,2493,"ROE_5Y >= 10.035, 毛利率_5Y >= 19.98"
13.76,4.09,53.2,3.62,1,6655,"ROE_5Y >= 10.035, 毛利率_5Y >= 19.98"
11.42,1.98,26.18,3.24,1,2436,"ROE_5Y >= 10.035, 毛利率_5Y >= 19.98"
24.11,8.64,59.09,4.11,1,6277,"ROE_5Y >= 10.035, 毛利率_5Y >= 19.98"
19.07,6.43,44.02,7.23,1,2373,"ROE_5Y >= 10.035, 毛利率_5Y >= 19.98"
14.9,6.61,31.21,4.89,1,6192,"ROE_5Y >= 10.035, 毛利率_5Y >= 19.98"
28.83,16.51,48.49,7.83,1,2915,"ROE_5Y >= 10.035, 毛利率_5Y >= 19.98"
17.81,7.47,22.38,2.65,1,9945,"ROE_5Y >= 10.035, 毛利率_5Y >= 19.98"
10.67,2.93,20.1,6.66,1,6201,"ROE_5Y >= 10.035, 毛利率_5Y >= 19.98"
11.55,1.9,36.63,2.92,1,8404,"ROE_5Y >= 10.035, 毛利率_5Y >= 19.98"
16.59,4.09,25.42,2.96,1,3530,"ROE_5Y >= 10.035, 毛利率_5Y >= 19.98"
20.71,5.92,31.56,5.29,1,6525,"ROE_5Y >= 10.035, 毛利率_5Y >= 19.98"
11.82,1.68,41.99,7.2,1,2904,"ROE_5Y >= 10.035, 毛利率_5Y >= 19.98"
14.55,2.75,21.4,6.41,1,2477,"ROE_5Y >= 10.035, 毛利率_5Y >= 19.98"
11.56,2.61,28.15,5.53,1,2449,"ROE_5Y >= 10.035, 毛利率_5Y >= 19.98"
15.8,4.89,25.81,1.62,1,6531,"ROE_5Y >= 10.035, 毛利率_5Y >= 19.98"
10.85,5.4,25.65,4.9,1,2228,"ROE_5Y >= 10.035, 毛利率_5Y >= 19.98"
18.9,4.62,44.15,5.75,1,1730,"ROE_5Y >= 10.035, 毛利率_5Y >= 19.98"
17.38,9.73,48.01,3.35,1,9941,"ROE_5Y >= 10.035, 毛利率_5Y >= 19.98"
17.64,4.31,21.27,4.64,1,8104,"ROE_5Y >= 10.035, 毛利率_5Y >= 19.98"
14.97,7.08,35.72,3.74,1,2233,"ROE_5Y >= 10.035, 毛利率_5Y >= 19.98"
11.96,4.96,27.69,2.22,1,3532,"ROE_5Y >= 10.035, 毛利率_5Y >= 19.98"
11.31,2.17,20.64,5.96,1,5519,"ROE_5Y >= 10.035, 毛利率_5Y >= 19.98"
13.58,3.13,32.32,5.75,1,1817,"ROE_5Y >= 10.035, 毛利率_5Y >= 19.98"
20.35,5.41,51.75,4.21,1,6581,"ROE_5Y >= 10.035, 毛利率_5Y >= 19.98"
18.03,5.19,51.95,7.14,1,3014,"ROE_5Y >= 10.035, 毛利率_5Y >= 19.98"
24.11,9.93,49.13,5.72,1,8499,"ROE_5Y >= 10.035, 毛利率_5Y >= 19.98"
33.5,13.63,33.89,4.3,1,2912,"ROE_5Y >= 10.035, 毛利率_5Y >= 19.98"
12.44,2.74,22.08,4.96,1,1904,"ROE_5Y >= 10.035, 毛利率_5Y >= 19.98"
23.7,5.31,50.18,1.79,1,6756,"ROE_5Y >= 10.035, 毛利率_5Y >= 19.98"
31.68,10.54,20.59,5.4,1,2603,"ROE_5Y >= 10.035, 毛利率_5Y >= 19.98"
15.54,5.12,24.32,3.42,1,4977,"ROE_5Y >= 10.035, 毛利率_5Y >= 19.98"
20.86,5.13,36.18,4.33,1,9917,"ROE_5Y >= 10.035, 毛利率_5Y >= 19.98"
22.77,10.74,22.37,6.6,1,1537,"ROE_5Y >= 10.035, 毛利率_5Y >= 19.98"
18.21,3.22,77.36,1.29,1,2702,"ROE_5Y >= 10.035, 毛利率_5Y >= 19.98"
5.06,1.51,12.96,3.09,-1,3703,"ROE_5Y <= 10.035, 現金殖利率 <= 5.045"
-7.07,-0.34,7.13,0.0,-1,1449,"ROE_5Y <= 10.035, 現金殖利率 <= 5.045"
9.1,2.45,25.19,3.22,-1,4540,"ROE_5Y <= 10.035, 現金殖利率 <= 5.045"
8.87,1.08,13.25,4.33,-1,1617,"ROE_5Y <= 10.035, 現金殖利率 <= 5.045"
0.71,0.2,2.22,3.16,-1,2038,"ROE_5Y <= 10.035, 現金殖利率 <= 5.045"
9.03,1.97,32.1,1.6,-1,2514,"ROE_5Y <= 10.035, 現金殖利率 <= 5.045"
4.15,0.55,65.7,1.89,-1,2910,"ROE_5Y <= 10.035, 現金殖利率 <= 5.045"
5.34,1.18,34.76,1.7,-1,3432,"ROE_5Y <= 10.035, 現金殖利率 <= 5.045"
7.37,1.56,21.12,3.69,-1,1522,"ROE_5Y <= 10.035, 現金殖利率 <= 5.045"
2.6,0.64,11.68,2.14,-1,2613,"ROE_5Y <= 10.035, 現金殖利率 <= 5.045"
-60.82,-4.53,-113.93,0.0,-1,1418,"ROE_5Y <= 10.035, 現金殖利率 <= 5.045"
8.29,1.29,50.78,1.97,-1,2417,"ROE_5Y <= 10.035, 現金殖利率 <= 5.045"
0.72,0.09,27.4,1.87,-1,2712,"ROE_5Y <= 10.035, 現金殖利率 <= 5.045"
0.09,0.01,26.96,1.27,-1,1236,"ROE_5Y <= 10.035, 現金殖利率 <= 5.045"
9.76,1.42,10.91,2.33,-1,2634,"ROE_5Y <= 10.035, 現金殖利率 <= 5.045"
2.34,0.63,32.86,1.8,-1,2704,"ROE_5Y <= 10.035, 現金殖利率 <= 5.045"
7.1,1.18,37.42,2.86,-1,1410,"ROE_5Y <= 10.035, 現金殖利率 <= 5.045"
2.78,0.15,27.1,1.2,-1,5258,"ROE_5Y <= 10.035, 現金殖利率 <= 5.045"
2.23,0.35,7.67,1.29,-1,2329,"ROE_5Y <= 10.035, 現金殖利率 <= 5.045"
9.66,3.04,23.98,2.41,-1,3004,"ROE_5Y <= 10.035, 現金殖利率 <= 5.045"
3.63,0.35,22.0,1.52,-1,3024,"ROE_5Y <= 10.035, 現金殖利率 <= 5.045"
9.29,1.5,33.79,3.11,-1,2344,"ROE_5Y <= 10.035, 現金殖利率 <= 5.045"
4.09,1.03,20.42,3.28,-1,2359,"ROE_5Y <= 10.035, 現金殖利率 <= 5.045"
1.11,0.12,10.92,0.0,-1,2466,"ROE_5Y <= 10.035, 現金殖利率 <= 5.045"
2.25,0.27,31.77,0.62,-1,1217,"ROE_5Y <= 10.035, 現金殖利率 <= 5.045"
7.58,2.59,46.1,0.35,-1,1795,"ROE_5Y <= 10.035, 現金殖利率 <= 5.045"
-9.7,-0.87,4.96,0.99,-1,3308,"ROE_5Y <= 10.035, 現金殖利率 <= 5.045"
6.14,1.57,13.33,3.98,-1,3481,"ROE_5Y <= 10.035, 現金殖利率 <= 5.045"
2.65,0.89,12.86,1.11,-1,2062,"ROE_5Y <= 10.035, 現金殖利率 <= 5.045"
9.63,3.19,39.99,0.6,-1,2540,"ROE_5Y <= 10.035, 現金殖利率 <= 5.045"
5.87,0.99,65.79,3.45,-1,3164,"ROE_5Y <= 10.035, 現金殖利率 <= 5.045"
-0.73,-0.08,19.58,1.1,-1,3419,"ROE_5Y <= 10.035, 現金殖利率 <= 5.045"
2.86,0.57,45.38,1.14,-1,4133,"ROE_5Y <= 10.035, 現金殖利率 <= 5.045"
7.25,1.32,4.71,4.01,-1,1725,"ROE_5Y <= 10.035, 現金殖利率 <= 5.045"
-0.13,-0.02,26.65,1.83,-1,1528,"ROE_5Y <= 10.035, 現金殖利率 <= 5.045"
-2.11,-0.56,17.86,2.05,-1,3055,"ROE_5Y <= 10.035, 現金殖利率 <= 5.045"
-47.61,-3.69,50.63,0.0,-1,6598,"ROE_5Y <= 10.035, 現金殖利率 <= 5.045"
6.87,0.8,3.94,1.6,-1,1516,"ROE_5Y <= 10.035, 現金殖利率 <= 5.045"
7.89,0.61,20.35,1.61,-1,1529,"ROE_5Y <= 10.035, 現金殖利率 <= 5.045"
-3.42,-1.21,13.3,3.85,-1,3311,"ROE_5Y <= 10.035, 現金殖利率 <= 5.045"
-1.86,-0.33,12.8,1.71,-1,1473,"ROE_5Y <= 10.035, 現金殖利率 <= 5.045"
5.55,0.62,21.86,3.04,-1,1470,"ROE_5Y <= 10.035, 現金殖利率 <= 5.045"
-31.59,-1.73,-28.21,0.0,-1,2434,"ROE_5Y <= 10.035, 現金殖利率 <= 5.045"
6.13,3.86,33.03,3.22,-1,4746,"ROE_5Y <= 10.035, 現金殖利率 <= 5.045"
-14.64,-2.74,-16.81,0.0,-1,1475,"ROE_5Y <= 10.035, 現金殖利率 <= 5.045"
8.61,3.64,26.01,4.14,-1,2637,"ROE_5Y <= 10.035, 現金殖利率 <= 5.045"
1.63,0.22,15.98,2.56,-1,1324,"ROE_5Y <= 10.035, 現金殖利率 <= 5.045"
9.28,1.3,19.3,4.53,-1,2426,"ROE_5Y <= 10.035, 現金殖利率 <= 5.045"
6.59,0.9,58.27,4.13,-1,1731,"ROE_5Y <= 10.035, 現金殖利率 <= 5.045"
-36.34,-0.01,21.16,3.08,-1,3043,"ROE_5Y <= 10.035, 現金殖利率 <= 5.045"
6.39,5.2,25.74,2.33,-1,6605,"ROE_5Y <= 10.035, 現金殖利率 <= 5.045"
6.49,1.52,34.6,0.53,-1,4576,"ROE_5Y <= 10.035, 現金殖利率 <= 5.045"
1.1,0.24,20.74,1.72,-1,4545,"ROE_5Y <= 10.035, 現金殖利率 <= 5.045"
5.92,0.74,13.71,4.44,-1,1220,"ROE_5Y <= 10.035, 現金殖利率 <= 5.045"
6.66,1.82,14.24,4.79,-1,1104,"ROE_5Y <= 10.035, 現金殖利率 <= 5.045"
3.63,0.62,66.18,3.29,-1,2601,"ROE_5Y <= 10.035, 現金殖利率 <= 5.045"
-3.21,-0.28,15.39,0.2,-1,2314,"ROE_5Y <= 10.035, 現金殖利率 <= 5.045"
5.27,1.11,50.49,4.58,-1,2903,"ROE_5Y <= 10.035, 現金殖利率 <= 5.045"
0.8,0.3,9.4,3.46,-1,8488,"ROE_5Y <= 10.035, 現金殖利率 <= 5.045"
-0.99,-0.14,7.98,1.67,-1,4976,"ROE_5Y <= 10.035, 現金殖利率 <= 5.045"
-2.78,-0.42,14.33,2.41,-1,8201,"ROE_5Y <= 10.035, 現金殖利率 <= 5.045"
7.26,0.86,20.77,3.05,-1,2419,"ROE_5Y <= 10.035, 現金殖利率 <= 5.045"
-9.02,-0.89,4.96,0.0,-1,1213,"ROE_5Y <= 10.035, 現金殖利率 <= 5.045"
4.23,1.88,26.54,4.96,-1,1234,"ROE_5Y <= 10.035, 現金殖利率 <= 5.045"
3.22,0.58,9.28,2.4,-1,2462,"ROE_5Y <= 10.035, 現金殖利率 <= 5.045"
5.76,0.5,7.42,1.0,-1,2440,"ROE_5Y <= 10.035, 現金殖利率 <= 5.045"
8.94,3.71,24.7,4.64,-1,9904,"ROE_5Y <= 10.035, 現金殖利率 <= 5.045"
4.19,0.57,67.91,3.02,-1,3094,"ROE_5Y <= 10.035, 現金殖利率 <= 5.045"
6.31,1.49,3.38,2.23,-1,2013,"ROE_5Y <= 10.035, 現金殖利率 <= 5.045"
5.07,0.81,12.63,4.0,-1,1474,"ROE_5Y <= 10.035, 現金殖利率 <= 5.045"
-0.13,-0.04,32.99,0.63,-1,3027,"ROE_5Y <= 10.035, 現金殖利率 <= 5.045"
6.3,3.7,45.77,3.67,-1,2727,"ROE_5Y <= 10.035, 現金殖利率 <= 5.045"
-1.98,-0.33,9.72,0.89,-1,8105,"ROE_5Y <= 10.035, 現金殖利率 <= 5.045"
4.56,0.56,8.49,0.73,-1,2358,"ROE_5Y <= 10.035, 現金殖利率 <= 5.045"
-8.24,-0.61,14.47,0.83,-1,1805,"ROE_5Y <= 10.035, 現金殖利率 <= 5.045"
3.79,0.62,58.36,2.38,-1,2701,"ROE_5Y <= 10.035, 現金殖利率 <= 5.045"
-28.77,-0.56,18.36,0.0,-1,1443,"ROE_5Y <= 10.035, 現金殖利率 <= 5.045"
6.11,1.75,28.68,2.62,-1,8467,"ROE_5Y <= 10.035, 現金殖利率 <= 5.045"
5.93,0.8,25.21,2.1,-1,1810,"ROE_5Y <= 10.035, 現金殖利率 <= 5.045"
1.96,0.33,18.34,0.61,-1,2342,"ROE_5Y <= 10.035, 現金殖利率 <= 5.045"
-1.04,-0.31,19.01,1.26,-1,3504,"ROE_5Y <= 10.035, 現金殖利率 <= 5.045"
-1.34,-1.21,20.43,2.01,-1,2201,"ROE_5Y <= 10.035, 現金殖利率 <= 5.045"
0.76,0.06,10.45,0.0,-1,1468,"ROE_5Y <= 10.035, 現金殖利率 <= 5.045"
-16.2,-0.13,25.9,0.21,-1,2364,"ROE_5Y <= 10.035, 現金殖利率 <= 5.045"
9.65,1.86,18.01,3.1,-1,2206,"ROE_5Y <= 10.035, 現金殖利率 <= 5.045"
-4.76,-0.48,11.54,1.63,-1,6573,"ROE_5Y <= 10.035, 現金殖利率 <= 5.045"
-0.38,-0.02,14.89,3.09,-1,3296,"ROE_5Y <= 10.035, 現金殖利率 <= 5.045"
2.28,0.47,18.67,3.38,-1,1531,"ROE_5Y <= 10.035, 現金殖利率 <= 5.045"
7.86,2.66,24.59,3.72,-1,2104,"ROE_5Y <= 10.035, 現金殖利率 <= 5.045"
9.51,2.77,21.25,2.81,-1,4566,"ROE_5Y <= 10.035, 現金殖利率 <= 5.045"
1.46,0.25,6.43,0.79,-1,3062,"ROE_5Y <= 10.035, 現金殖利率 <= 5.045"
7.62,1.84,12.02,4.15,-1,2409,"ROE_5Y <= 10.035, 現金殖利率 <= 5.045"
9.39,1.39,22.4,4.22,-1,6558,"ROE_5Y <= 10.035, 現金殖利率 <= 5.045"
-0.69,-0.06,5.43,0.0,-1,1616,"ROE_5Y <= 10.035, 現金殖利率 <= 5.045"
7.29,1.43,29.61,3.76,-1,5525,"ROE_5Y <= 10.035, 現金殖利率 <= 5.045"
9.56,1.85,33.03,3.83,-1,9946,"ROE_5Y <= 10.035, 現金殖利率 <= 5.045"
-0.63,-0.28,15.1,1.42,-1,8072,"ROE_5Y <= 10.035, 現金殖利率 <= 5.045"
5.05,0.59,12.54,0.04,-1,6165,"ROE_5Y <= 10.035, 現金殖利率 <= 5.045"
-0.54,-0.09,11.5,3.49,-1,2460,"ROE_5Y <= 10.035, 現金殖利率 <= 5.045"
5.93,1.31,21.97,4.08,-1,2483,"ROE_5Y <= 10.035, 現金殖利率 <= 5.045"
8.08,3.25,19.45,3.34,-1,3019,"ROE_5Y <= 10.035, 現金殖利率 <= 5.045"
5.93,2.3,21.67,2.28,-1,3605,"ROE_5Y <= 10.035, 現金殖利率 <= 5.045"
8.58,2.61,16.63,1.81,-1,9958,"ROE_5Y <= 10.035, 現金殖利率 <= 5.045"
7.8,1.11,19.46,4.41,-1,9919,"ROE_5Y <= 10.035, 現金殖利率 <= 5.045"
8.46,1.75,9.52,2.66,-1,2328,"ROE_5Y <= 10.035, 現金殖利率 <= 5.045"
-1.4,0.19,13.34,4.24,-1,2731,"ROE_5Y <= 10.035, 現金殖利率 <= 5.045"
6.22,1.03,25.01,4.83,-1,3031,"ROE_5Y <= 10.035, 現金殖利率 <= 5.045"
6.98,1.19,25.53,4.33,-1,1733,"ROE_5Y <= 10.035, 現金殖利率 <= 5.045"
6.44,0.81,45.22,1.02,-1,1783,"ROE_5Y <= 10.035, 現金殖利率 <= 5.045"
7.13,2.65,13.33,3.79,-1,2387,"ROE_5Y <= 10.035, 現金殖利率 <= 5.045"
6.16,1.82,25.76,3.8,-1,1419,"ROE_5Y <= 10.035, 現金殖利率 <= 5.045"
5.31,0.68,10.77,2.78,-1,9907,"ROE_5Y <= 10.035, 現金殖利率 <= 5.045"
-2.87,-0.41,3.06,4.18,-1,6120,"ROE_5Y <= 10.035, 現金殖利率 <= 5.045"
5.81,1.95,19.83,4.62,-1,1402,"ROE_5Y <= 10.035, 現金殖利率 <= 5.045"
5.27,1.07,20.08,2.58,-1,1614,"ROE_5Y <= 10.035, 現金殖利率 <= 5.045"
-0.81,-0.07,11.05,2.45,-1,8222,"ROE_5Y <= 10.035, 現金殖利率 <= 5.045"
-3.33,-0.43,15.14,0.86,-1,2413,"ROE_5Y <= 10.035, 現金殖利率 <= 5.045"
5.02,2.07,6.96,4.61,-1,6139,"ROE_5Y <= 10.035, 現金殖利率 <= 5.045"
-8.67,-2.01,18.44,4.23,-1,3518,"ROE_5Y <= 10.035, 現金殖利率 <= 5.045"
9.25,1.44,53.82,1.05,-1,1760,"ROE_5Y <= 10.035, 現金殖利率 <= 5.045"
8.89,6.96,17.57,4.02,-1,2239,"ROE_5Y <= 10.035, 現金殖利率 <= 5.045"
-8.27,-0.47,24.89,3.05,-1,6243,"ROE_5Y <= 10.035, 現金殖利率 <= 5.045"
-9.63,-0.72,-1.54,0.26,-1,4142,"ROE_5Y <= 10.035, 現金殖利率 <= 5.045"
7.26,4.14,23.26,3.1,-1,6451,"ROE_5Y <= 10.035, 現金殖利率 <= 5.045"
4.41,0.66,22.02,2.09,-1,1711,"ROE_5Y <= 10.035, 現金殖利率 <= 5.045"
2.77,1.87,22.77,2.84,-1,2362,"ROE_5Y <= 10.035, 現金殖利率 <= 5.045"
7.09,1.38,26.54,3.03,-1,2415,"ROE_5Y <= 10.035, 現金殖利率 <= 5.045"
1.97,0.39,22.37,1.29,-1,3704,"ROE_5Y <= 10.035, 現金殖利率 <= 5.045"
-4.4,-0.44,33.51,0.0,-1,1903,"ROE_5Y <= 10.035, 現金殖利率 <= 5.045"
2.65,0.67,12.86,0.81,-1,6153,"ROE_5Y <= 10.035, 現金殖利率 <= 5.045"
7.38,1.54,67.17,2.37,-1,1786,"ROE_5Y <= 10.035, 現金殖利率 <= 5.045"
9.54,4.94,17.39,4.89,-1,5469,"ROE_5Y <= 10.035, 現金殖利率 <= 5.045"
4.51,1.22,10.41,3.09,-1,5225,"ROE_5Y <= 10.035, 現金殖利率 <= 5.045"
6.93,3.81,19.67,4.89,-1,4104,"ROE_5Y <= 10.035, 現金殖利率 <= 5.045"
-11.37,-3.06,-24.86,3.47,-1,1337,"ROE_5Y <= 10.035, 現金殖利率 <= 5.045"
6.79,3.72,9.75,1.26,-1,8046,"ROE_5Y <= 10.035, 現金殖利率 <= 5.045"
6.61,0.6,12.57,3.34,-1,1714,"ROE_5Y <= 10.035, 現金殖利率 <= 5.045"
3.83,0.55,15.87,3.09,-1,1735,"ROE_5Y <= 10.035, 現金殖利率 <= 5.045"
1.85,0.22,0.01,3.71,-1,3054,"ROE_5Y <= 10.035, 現金殖利率 <= 5.045"
-6.87,-0.81,11.54,2.8,-1,3058,"ROE_5Y <= 10.035, 現金殖利率 <= 5.045"
5.22,0.85,27.41,3.63,-1,6155,"ROE_5Y <= 10.035, 現金殖利率 <= 5.045"
9.85,1.27,22.41,2.8,-1,3021,"ROE_5Y <= 10.035, 現金殖利率 <= 5.045"
5.73,0.58,12.75,0.0,-1,3701,"ROE_5Y <= 10.035, 現金殖利率 <= 5.045"
4.76,0.64,18.67,1.24,-1,2101,"ROE_5Y <= 10.035, 現金殖利率 <= 5.045"
-26.89,-2.66,17.77,0.25,-1,2705,"ROE_5Y <= 10.035, 現金殖利率 <= 5.045"
5.89,1.47,22.8,3.61,-1,2105,"ROE_5Y <= 10.035, 現金殖利率 <= 5.045"
3.5,0.41,25.25,0.27,-1,9906,"ROE_5Y <= 10.035, 現金殖利率 <= 5.045"
-1.76,-0.26,11.62,3.46,-1,2486,"ROE_5Y <= 10.035, 現金殖利率 <= 5.045"
6.92,1.59,22.48,3.36,-1,9908,"ROE_5Y <= 10.035, 現金殖利率 <= 5.045"
6.55,1.89,44.26,2.38,-1,6426,"ROE_5Y <= 10.035, 現金殖利率 <= 5.045"
7.88,1.9,18.37,4.14,-1,1907,"ROE_5Y <= 10.035, 現金殖利率 <= 5.045"
8.86,3.57,11.39,1.89,-1,4739,"ROE_5Y <= 10.035, 現金殖利率 <= 5.045"
7.17,1.14,16.75,4.36,-1,1709,"ROE_5Y <= 10.035, 現金殖利率 <= 5.045"
-13.11,-2.1,2.03,0.61,-1,2102,"ROE_5Y <= 10.035, 現金殖利率 <= 5.045"
5.81,2.22,35.78,3.15,-1,4555,"ROE_5Y <= 10.035, 現金殖利率 <= 5.045"
4.6,2.34,20.81,4.11,-1,2612,"ROE_5Y <= 10.035, 現金殖利率 <= 5.045"
3.9,0.44,11.95,1.92,-1,2610,"ROE_5Y <= 10.035, 現金殖利率 <= 5.045"
6.63,1.64,6.39,3.35,-1,1535,"ROE_5Y <= 10.035, 現金殖利率 <= 5.045"
2.34,0.33,9.5,1.74,-1,1414,"ROE_5Y <= 10.035, 現金殖利率 <= 5.045"
6.85,1.79,26.22,2.1,-1,1708,"ROE_5Y <= 10.035, 現金殖利率 <= 5.045"
2.07,0.65,18.65,3.74,-1,6405,"ROE_5Y <= 10.035, 現金殖利率 <= 5.045"
-12.9,-1.06,16.81,2.32,-1,5484,"ROE_5Y <= 10.035, 現金殖利率 <= 5.045"
5.36,0.7,19.59,2.28,-1,6288,"ROE_5Y <= 10.035, 現金殖利率 <= 5.045"
2.7,0.32,85.71,1.2,-1,2901,"ROE_5Y <= 10.035, 現金殖利率 <= 5.045"
-19.85,-1.97,-6.51,4.56,-1,3576,"ROE_5Y <= 10.035, 現金殖利率 <= 5.045"
9.16,2.08,54.82,1.71,-1,5607,"ROE_5Y <= 10.035, 現金殖利率 <= 5.045"
2.7,0.6,10.89,1.6,-1,4426,"ROE_5Y <= 10.035, 現金殖利率 <= 5.045"
2.43,0.52,21.12,2.38,-1,2605,"ROE_5Y <= 10.035, 現金殖利率 <= 5.045"
-0.03,0.01,18.92,1.03,-1,6133,"ROE_5Y <= 10.035, 現金殖利率 <= 5.045"
-3.59,-0.72,9.77,4.64,-1,3437,"ROE_5Y <= 10.035, 現金殖利率 <= 5.045"
2.86,0.53,8.77,2.63,-1,1618,"ROE_5Y <= 10.035, 現金殖利率 <= 5.045"
10.02,5.22,17.74,4.58,-1,4935,"ROE_5Y <= 10.035, 現金殖利率 <= 5.045"
7.1,1.34,22.78,4.45,-1,2453,"ROE_5Y <= 10.035, 現金殖利率 <= 5.045"
8.88,1.68,10.71,3.01,-1,1539,"ROE_5Y <= 10.035, 現金殖利率 <= 5.045"
7.86,1.6,12.35,4.35,-1,8926,"ROE_5Y <= 10.035, 現金殖利率 <= 5.045"
4.41,0.88,14.0,4.24,-1,4306,"ROE_5Y <= 10.035, 現金殖利率 <= 5.045"
0.54,0.05,7.75,3.69,-1,2369,"ROE_5Y <= 10.035, 現金殖利率 <= 5.045"
-52.11,-2.39,13.51,0.0,-1,1538,"ROE_5Y <= 10.035, 現金殖利率 <= 5.045"
6.39,1.08,17.92,3.84,-1,1802,"ROE_5Y <= 10.035, 現金殖利率 <= 5.045"
4.03,0.71,73.7,2.04,-1,2706,"ROE_5Y <= 10.035, 現金殖利率 <= 5.045"
0.65,0.03,20.48,0.91,-1,2241,"ROE_5Y <= 10.035, 現金殖利率 <= 5.045"
8.2,2.38,17.09,4.92,-1,2606,"ROE_5Y <= 10.035, 現金殖利率 <= 5.045"
6.91,1.29,37.53,2.21,-1,6668,"ROE_5Y <= 10.035, 現金殖利率 <= 5.045"
-1.26,-0.22,52.92,4.07,-1,2538,"ROE_5Y <= 10.035, 現金殖利率 <= 5.045"
9.53,1.33,24.71,4.57,-1,6116,"ROE_5Y <= 10.035, 現金殖利率 <= 5.045"
5.52,1.45,10.39,4.04,-1,4906,"ROE_5Y <= 10.035, 現金殖利率 <= 5.045"
8.53,2.75,29.89,3.49,-1,8103,"ROE_5Y <= 10.035, 現金殖利率 <= 5.045"
3.17,0.69,6.71,2.77,-1,8110,"ROE_5Y <= 10.035, 現金殖利率 <= 5.045"
-159.53,-0.1,-67.76,0.0,-1,6225,"ROE_5Y <= 10.035, 現金殖利率 <= 5.045"
3.54,0.66,21.35,0.0,-1,3051,"ROE_5Y <= 10.035, 現金殖利率 <= 5.045"
2.48,0.27,28.43,1.61,-1,2332,"ROE_5Y <= 10.035, 現金殖利率 <= 5.045"
8.05,1.2,26.2,3.31,-1,6215,"ROE_5Y <= 10.035, 現金殖利率 <= 5.045"
2.75,0.48,41.52,0.91,-1,2722,"ROE_5Y <= 10.035, 現金殖利率 <= 5.045"
9.12,3.28,14.18,1.03,-1,3037,"ROE_5Y <= 10.035, 現金殖利率 <= 5.045"
4.92,1.9,31.26,4.02,-1,4164,"ROE_5Y <= 10.035, 現金殖利率 <= 5.045"
7.55,2.62,15.66,2.62,-1,5243,"ROE_5Y <= 10.035, 現金殖利率 <= 5.045"
-23.19,-0.98,-5.87,0.0,-1,9928,"ROE_5Y <= 10.035, 現金殖利率 <= 5.045"
-215.93,-0.51,-108.8,0.0,-1,6289,"ROE_5Y <= 10.035, 現金殖利率 <= 5.045"
1.21,-0.21,20.27,2.57,-1,2109,"ROE_5Y <= 10.035, 現金殖利率 <= 5.045"
-4.85,-0.5,16.15,2.69,-1,6117,"ROE_5Y <= 10.035, 現金殖利率 <= 5.045"
8.5,3.4,33.05,4.68,-1,5284,"ROE_5Y <= 10.035, 現金殖利率 <= 5.045"
-30.28,-2.89,-8.41,1.39,-1,4934,"ROE_5Y <= 10.035, 現金殖利率 <= 5.045"
7.45,1.21,14.31,0.67,-1,2465,"ROE_5Y <= 10.035, 現金殖利率 <= 5.045"
9.97,8.35,6.06,3.63,-1,2317,"ROE_5Y <= 10.035, 現金殖利率 <= 5.045"
5.07,1.82,44.06,2.99,-1,4737,"ROE_5Y <= 10.035, 現金殖利率 <= 5.045"
7.56,1.9,30.7,2.03,-1,6205,"ROE_5Y <= 10.035, 現金殖利率 <= 5.045"
-4.24,-0.44,10.39,0.25,-1,3011,"ROE_5Y <= 10.035, 現金殖利率 <= 5.045"
2.28,-0.11,24.83,2.25,-1,3047,"ROE_5Y <= 10.035, 現金殖利率 <= 5.045"
6.26,1.93,29.74,4.83,-1,8021,"ROE_5Y <= 10.035, 現金殖利率 <= 5.045"
2.5,0.75,17.44,2.46,-1,6442,"ROE_5Y <= 10.035, 現金殖利率 <= 5.045"
3.04,0.39,5.14,3.15,-1,9902,"ROE_5Y <= 10.035, 現金殖利率 <= 5.045"
7.99,0.43,9.22,4.23,-1,1465,"ROE_5Y <= 10.035, 現金殖利率 <= 5.045"
-7.51,-0.57,-0.35,3.27,-1,3149,"ROE_5Y <= 10.035, 現金殖利率 <= 5.045"
6.4,1.16,6.24,5.04,-1,1313,"ROE_5Y <= 10.035, 現金殖利率 <= 5.045"
7.92,1.64,17.02,3.77,-1,3346,"ROE_5Y <= 10.035, 現金殖利率 <= 5.045"
-4.48,-0.01,37.54,0.55,-1,1734,"ROE_5Y <= 10.035, 現金殖利率 <= 5.045"
0.19,0.04,17.28,3.02,-1,4956,"ROE_5Y <= 10.035, 現金殖利率 <= 5.045"
-3.93,-0.85,5.26,3.1,-1,6209,"ROE_5Y <= 10.035, 現金殖利率 <= 5.045"
-1.75,-0.46,18.19,1.61,-1,3591,"ROE_5Y <= 10.035, 現金殖利率 <= 5.045"
0.78,0.09,32.3,0.0,-1,5531,"ROE_5Y <= 10.035, 現金殖利率 <= 5.045"
-0.96,-0.17,38.11,2.36,-1,2913,"ROE_5Y <= 10.035, 現金殖利率 <= 5.045"
8.86,3.49,32.71,1.94,-1,3454,"ROE_5Y <= 10.035, 現金殖利率 <= 5.045"
4.11,1.55,20.03,3.37,-1,6585,"ROE_5Y <= 10.035, 現金殖利率 <= 5.045"
3.83,0.61,13.62,2.99,-1,2017,"ROE_5Y <= 10.035, 現金殖利率 <= 5.045"
-8.91,-0.92,-2.15,4.85,-1,2516,"ROE_5Y <= 10.035, 現金殖利率 <= 5.045"
-1.71,-0.22,48.64,3.79,-1,2530,"ROE_5Y <= 10.035, 現金殖利率 <= 5.045"
3.75,0.49,5.59,2.26,-1,2032,"ROE_5Y <= 10.035, 現金殖利率 <= 5.045"
8.48,2.62,15.28,2.87,-1,6191,"ROE_5Y <= 10.035, 現金殖利率 <= 5.045"
6.14,1.8,23.94,3.6,-1,1504,"ROE_5Y <= 10.035, 現金殖利率 <= 5.045"
6.58,1.88,35.69,2.12,-1,3588,"ROE_5Y <= 10.035, 現金殖利率 <= 5.045"
-0.29,-0.06,0.65,1.28,-1,2543,"ROE_5Y <= 10.035, 現金殖利率 <= 5.045"
6.77,3.27,28.15,4.64,-1,1339,"ROE_5Y <= 10.035, 現金殖利率 <= 5.045"
3.31,0.42,2.85,2.97,-1,2009,"ROE_5Y <= 10.035, 現金殖利率 <= 5.045"
4.11,0.88,20.6,2.8,-1,2106,"ROE_5Y <= 10.035, 現金殖利率 <= 5.045"
-2.25,-0.28,33.86,3.12,-1,2363,"ROE_5Y <= 10.035, 現金殖利率 <= 5.045"
3.98,0.55,7.97,2.94,-1,2515,"ROE_5Y <= 10.035, 現金殖利率 <= 5.045"
7.49,2.23,69.77,2.96,-1,1437,"ROE_5Y <= 10.035, 現金殖利率 <= 5.045"
4.54,0.69,12.8,1.76,-1,1568,"ROE_5Y <= 10.035, 現金殖利率 <= 5.045"
4.47,0.79,8.7,2.79,-1,1219,"ROE_5Y <= 10.035, 現金殖利率 <= 5.045"
4.6,0.71,13.16,2.61,-1,1713,"ROE_5Y <= 10.035, 現金殖利率 <= 5.045"
3.18,0.9,6.71,0.94,-1,1321,"ROE_5Y <= 10.035, 現金殖利率 <= 5.045"
-0.81,-0.09,19.01,1.72,-1,1809,"ROE_5Y <= 10.035, 現金殖利率 <= 5.045"
-11.05,-1.07,-16.3,4.8,-1,6431,"ROE_5Y <= 10.035, 現金殖利率 <= 5.045"
7.79,0.56,4.13,0.0,-1,1413,"ROE_5Y <= 10.035, 現金殖利率 <= 5.045"
8.17,1.84,20.69,3.41,-1,2303,"ROE_5Y <= 10.035, 現金殖利率 <= 5.045"
3.87,0.25,24.05,2.1,-1,2906,"ROE_5Y <= 10.035, 現金殖利率 <= 5.045"
9.96,2.37,19.99,1.57,-1,2338,"ROE_5Y <= 10.035, 現金殖利率 <= 5.045"
4.74,0.81,6.73,4.02,-1,2010,"ROE_5Y <= 10.035, 現金殖利率 <= 5.045"
4.51,2.34,21.9,3.75,-1,1722,"ROE_5Y <= 10.035, 現金殖利率 <= 5.045"
-24.66,-1.87,5.05,4.57,-1,3494,"ROE_5Y <= 10.035, 現金殖利率 <= 5.045"
5.37,0.76,11.54,0.76,-1,3016,"ROE_5Y <= 10.035, 現金殖利率 <= 5.045"
9.77,1.87,20.58,1.4,-1,6477,"ROE_5Y <= 10.035, 現金殖利率 <= 5.045"
4.34,0.61,13.63,1.48,-1,1517,"ROE_5Y <= 10.035, 現金殖利率 <= 5.045"
-35.53,-1.17,6.74,0.0,-1,3536,"ROE_5Y <= 10.035, 現金殖利率 <= 5.045"
4.61,0.72,25.0,4.58,-1,2511,"ROE_5Y <= 10.035, 現金殖利率 <= 5.045"
8.16,1.89,11.57,3.89,-1,1457,"ROE_5Y <= 10.035, 現金殖利率 <= 5.045"
4.88,0.74,34.66,3.28,-1,3050,"ROE_5Y <= 10.035, 現金殖利率 <= 5.045"
6.23,0.87,13.21,1.06,-1,2618,"ROE_5Y <= 10.035, 現金殖利率 <= 5.045"
-29.36,-2.26,7.4,0.0,-1,1472,"ROE_5Y <= 10.035, 現金殖利率 <= 5.045"
1.4,0.17,25.06,2.5,-1,3535,"ROE_5Y <= 10.035, 現金殖利率 <= 5.045"
9.53,1.22,17.74,2.52,-1,1218,"ROE_5Y <= 10.035, 現金殖利率 <= 5.045"
-0.13,-0.02,25.12,1.73,-1,2405,"ROE_5Y <= 10.035, 現金殖利率 <= 5.045"
-8.82,-0.87,51.72,0.0,-1,4108,"ROE_5Y <= 10.035, 現金殖利率 <= 5.045"
0.99,0.05,41.23,1.83,-1,2506,"ROE_5Y <= 10.035, 現金殖利率 <= 5.045"
0.77,0.33,9.29,2.81,-1,8429,"ROE_5Y <= 10.035, 現金殖利率 <= 5.045"
4.35,0.5,48.73,2.44,-1,3025,"ROE_5Y <= 10.035, 現金殖利率 <= 5.045"
-6.52,-0.95,24.68,0.19,-1,3046,"ROE_5Y <= 10.035, 現金殖利率 <= 5.045"
-0.32,-0.07,13.57,4.24,-1,3543,"ROE_5Y <= 10.035, 現金殖利率 <= 5.045"
8.42,1.02,57.25,1.72,-1,5906,"ROE_5Y <= 10.035, 現金殖利率 <= 5.045"
4.47,0.66,5.43,4.93,-1,3052,"ROE_5Y <= 10.035, 現金殖利率 <= 5.045"
4.52,0.86,-16.51,4.56,-1,1423,"ROE_5Y <= 10.035, 現金殖利率 <= 5.045"
9.63,7.98,26.69,2.84,-1,6271,"ROE_5Y <= 10.035, 現金殖利率 <= 5.045"
5.45,0.52,32.17,0.0,-1,2305,"ROE_5Y <= 10.035, 現金殖利率 <= 5.045"
7.91,1.34,57.08,4.39,-1,1233,"ROE_5Y <= 10.035, 現金殖利率 <= 5.045"
1.48,0.28,9.32,4.5,-1,2402,"ROE_5Y <= 10.035, 現金殖利率 <= 5.045"
4.47,0.48,7.34,1.66,-1,1721,"ROE_5Y <= 10.035, 現金殖利率 <= 5.045"
-10.62,-1.19,9.03,0.0,-1,2349,"ROE_5Y <= 10.035, 現金殖利率 <= 5.045"
9.62,1.5,11.24,3.47,-1,2504,"ROE_5Y <= 10.035, 現金殖利率 <= 5.045"
-32.98,-1.98,-9.78,0.0,-1,2443,"ROE_5Y <= 10.035, 現金殖利率 <= 5.045"
5.4,1.01,22.96,2.65,-1,1587,"ROE_5Y <= 10.035, 現金殖利率 <= 5.045"
6.02,0.89,62.59,3.45,-1,4994,"ROE_5Y <= 10.035, 現金殖利率 <= 5.045"
-16.45,-1.1,8.88,0.0,-1,1506,"ROE_5Y <= 10.035, 現金殖利率 <= 5.045"
7.05,1.4,21.48,3.1,-1,2484,"ROE_5Y <= 10.035, 現金殖利率 <= 5.045"
-1.46,-0.16,20.02,3.39,-1,1467,"ROE_5Y <= 10.035, 現金殖利率 <= 5.045"
5.21,0.62,29.42,2.62,-1,2427,"ROE_5Y <= 10.035, 現金殖利率 <= 5.045"
5.22,1.49,9.82,4.05,-1,2029,"ROE_5Y <= 10.035, 現金殖利率 <= 5.045"
2.31,0.33,26.51,2.63,-1,3002,"ROE_5Y <= 10.035, 現金殖利率 <= 5.045"
-1.13,-0.13,19.03,0.82,-1,1446,"ROE_5Y <= 10.035, 現金殖利率 <= 5.045"
7.77,1.0,14.05,1.99,-1,1519,"ROE_5Y <= 10.035, 現金殖利率 <= 5.045"
8.45,1.24,16.51,2.15,-1,1514,"ROE_5Y <= 10.035, 現金殖利率 <= 5.045"
4.7,1.06,18.67,5.07,-1,3550,"ROE_5Y <= 10.035, 現金殖利率 >= 5.045, 毛利率_5Y <= 20.335"
1.03,0.34,6.65,5.18,-1,1451,"ROE_5Y <= 10.035, 現金殖利率 >= 5.045, 毛利率_5Y <= 20.335"
6.4,0.88,17.1,6.23,-1,1776,"ROE_5Y <= 10.035, 現金殖利率 >= 5.045, 毛利率_5Y <= 20.335"
-8.4,-0.89,13.15,14.95,-1,6152,"ROE_5Y <= 10.035, 現金殖利率 >= 5.045, 毛利率_5Y <= 20.335"
-12.4,-5.66,16.53,26.23,-1,2498,"ROE_5Y <= 10.035, 現金殖利率 >= 5.045, 毛利率_5Y <= 20.335"
4.89,1.79,6.69,6.19,-1,2316,"ROE_5Y <= 10.035, 現金殖利率 >= 5.045, 毛利率_5Y <= 20.335"
1.55,0.33,18.23,6.05,-1,3266,"ROE_5Y <= 10.035, 現金殖利率 >= 5.045, 毛利率_5Y <= 20.335"
5.69,3.39,16.53,7.46,-1,2204,"ROE_5Y <= 10.035, 現金殖利率 >= 5.045, 毛利率_5Y <= 20.335"
4.84,0.77,8.14,5.21,-1,1710,"ROE_5Y <= 10.035, 現金殖利率 >= 5.045, 毛利率_5Y <= 20.335"
8.16,1.56,15.33,7.18,-1,1452,"ROE_5Y <= 10.035, 現金殖利率 >= 5.045, 毛利率_5Y <= 20.335"
4.13,2.77,10.25,5.49,-1,2392,"ROE_5Y <= 10.035, 現金殖利率 >= 5.045, 毛利率_5Y <= 20.335"
8.35,2.0,3.39,6.26,-1,2324,"ROE_5Y <= 10.035, 現金殖利率 >= 5.045, 毛利率_5Y <= 20.335"
7.11,1.48,16.05,5.74,-1,1909,"ROE_5Y <= 10.035, 現金殖利率 >= 5.045, 毛利率_5Y <= 20.335"
-71.55,-1.47,3.53,6.12,-1,1512,"ROE_5Y <= 10.035, 現金殖利率 >= 5.045, 毛利率_5Y <= 20.335"
7.27,1.75,14.13,5.3,-1,9905,"ROE_5Y <= 10.035, 現金殖利率 >= 5.045, 毛利率_5Y <= 20.335"
8.65,2.36,18.49,5.42,-1,1530,"ROE_5Y <= 10.035, 現金殖利率 >= 5.045, 毛利率_5Y <= 20.335"
-4.96,-1.04,7.67,9.5,-1,3060,"ROE_5Y <= 10.035, 現金殖利率 >= 5.045, 毛利率_5Y <= 20.335"
-1.69,-0.24,-13.0,9.4,-1,1340,"ROE_5Y <= 10.035, 現金殖利率 >= 5.045, 毛利率_5Y <= 20.335"
-13.63,-4.07,0.96,9.13,-1,3607,"ROE_5Y <= 10.035, 現金殖利率 >= 5.045, 毛利率_5Y <= 20.335"
2.97,2.57,4.42,6.18,-1,3673,"ROE_5Y <= 10.035, 現金殖利率 >= 5.045, 毛利率_5Y <= 20.335"
5.13,1.21,9.95,6.8,-1,1314,"ROE_5Y <= 10.035, 現金殖利率 >= 5.045, 毛利率_5Y <= 20.335"
0.68,0.19,16.38,5.23,-1,1626,"ROE_5Y <= 10.035, 現金殖利率 >= 5.045, 毛利率_5Y <= 20.335"
-1.56,1.7,12.22,29.47,-1,2929,"ROE_5Y <= 10.035, 現金殖利率 >= 5.045, 毛利率_5Y <= 20.335"
8.39,1.69,10.89,5.56,-1,2353,"ROE_5Y <= 10.035, 現金殖利率 >= 5.045, 毛利率_5Y <= 20.335"
9.91,1.93,11.24,5.32,-1,2034,"ROE_5Y <= 10.035, 現金殖利率 >= 5.045, 毛利率_5Y <= 20.335"
-1.14,-0.19,6.19,6.72,-1,2485,"ROE_5Y <= 10.035, 現金殖利率 >= 5.045, 毛利率_5Y <= 20.335"
9.33,1.83,4.61,6.55,-1,2356,"ROE_5Y <= 10.035, 現金殖利率 >= 5.045, 毛利率_5Y <= 20.335"
6.82,1.22,9.76,11.48,-1,2489,"ROE_5Y <= 10.035, 現金殖利率 >= 5.045, 毛利率_5Y <= 20.335"
1.71,0.21,8.77,5.47,-1,1108,"ROE_5Y <= 10.035, 現金殖利率 >= 5.045, 毛利率_5Y <= 20.335"
6.86,1.1,5.16,6.14,-1,1608,"ROE_5Y <= 10.035, 現金殖利率 >= 5.045, 毛利率_5Y <= 20.335"
4.45,0.66,15.68,10.23,-1,4930,"ROE_5Y <= 10.035, 現金殖利率 >= 5.045, 毛利率_5Y <= 20.335"
6.67,1.68,1.5,6.72,-1,1439,"ROE_5Y <= 10.035, 現金殖利率 >= 5.045, 毛利率_5Y <= 20.335"
7.14,1.68,13.95,8.54,-1,6108,"ROE_5Y <= 10.035, 現金殖利率 >= 5.045, 毛利率_5Y <= 20.335"
1.44,0.2,19.87,8.6,-1,2537,"ROE_5Y <= 10.035, 現金殖利率 >= 5.045, 毛利率_5Y <= 20.335"
5.71,1.54,13.49,6.06,-1,8249,"ROE_5Y <= 10.035, 現金殖利率 >= 5.045, 毛利率_5Y <= 20.335"
3.94,2.06,11.95,5.43,-1,3015,"ROE_5Y <= 10.035, 現金殖利率 >= 5.045, 毛利率_5Y <= 20.335"
8.43,1.62,13.37,5.3,-1,4532,"ROE_5Y <= 10.035, 現金殖利率 >= 5.045, 毛利率_5Y <= 20.335"
11.23,2.0,19.6,2.0,-1,5706,"ROE_5Y >= 10.035, 現金殖利率 <= 4.905, 毛利率_5Y <= 19.98"
14.39,6.5,11.19,3.22,-1,6278,"ROE_5Y >= 10.035, 現金殖利率 <= 4.905, 毛利率_5Y <= 19.98"
10.21,12.79,11.81,4.59,-1,2247,"ROE_5Y >= 10.035, 現金殖利率 <= 4.905, 毛利率_5Y <= 19.98"
15.09,2.44,11.49,4.2,-1,9937,"ROE_5Y >= 10.035, 現金殖利率 <= 4.905, 毛利率_5Y <= 19.98"
11.79,3.78,15.46,3.67,-1,2301,"ROE_5Y >= 10.035, 現金殖利率 <= 4.905, 毛利率_5Y <= 19.98"
15.71,3.19,15.57,4.03,-1,9930,"ROE_5Y >= 10.035, 現金殖利率 <= 4.905, 毛利率_5Y <= 19.98"
11.94,3.56,17.99,2.02,-1,2351,"ROE_5Y >= 10.035, 現金殖利率 <= 4.905, 毛利率_5Y <= 19.98"
15.27,4.72,19.95,3.21,-1,6416,"ROE_5Y >= 10.035, 現金殖利率 <= 4.905, 毛利率_5Y <= 19.98"
13.25,2.66,13.25,4.79,-1,2352,"ROE_5Y >= 10.035, 現金殖利率 <= 4.905, 毛利率_5Y <= 19.98"
12.35,1.8,7.04,3.58,-1,4967,"ROE_5Y >= 10.035, 現金殖利率 <= 4.905, 毛利率_5Y <= 19.98"
14.84,4.6,12.2,4.07,-1,4915,"ROE_5Y >= 10.035, 現金殖利率 <= 4.905, 毛利率_5Y <= 19.98"
13.56,3.47,17.24,3.89,-1,5285,"ROE_5Y >= 10.035, 現金殖利率 <= 4.905, 毛利率_5Y <= 19.98"
15.24,3.29,16.66,2.53,-1,2313,"ROE_5Y >= 10.035, 現金殖利率 <= 4.905, 毛利率_5Y <= 19.98"
10.13,1.91,18.19,2.9,-1,9931,"ROE_5Y >= 10.035, 現金殖利率 <= 4.905, 毛利率_5Y <= 19.98"
10.42,1.53,9.28,2.57,-1,1225,"ROE_5Y >= 10.035, 現金殖利率 <= 4.905, 毛利率_5Y <= 19.98"
10.64,4.33,11.87,3.44,-1,6285,"ROE_5Y >= 10.035, 現金殖利率 <= 4.905, 毛利率_5Y <= 19.98"
13.36,7.55,16.17,4.41,-1,1315,"ROE_5Y >= 10.035, 現金殖利率 <= 4.905, 毛利率_5Y <= 19.98"
19.29,8.55,18.21,2.78,-1,5288,"ROE_5Y >= 10.035, 現金殖利率 <= 4.905, 毛利率_5Y <= 19.98"
12.03,3.05,13.62,4.11,-1,1210,"ROE_5Y >= 10.035, 現金殖利率 <= 4.905, 毛利率_5Y <= 19.98"
13.18,2.14,17.38,2.18,-1,6141,"ROE_5Y >= 10.035, 現金殖利率 <= 4.905, 毛利率_5Y <= 19.98"
48.52,36.97,6.81,2.62,-1,6669,"ROE_5Y >= 10.035, 現金殖利率 <= 4.905, 毛利率_5Y <= 19.98"
17.52,3.44,19.95,4.49,-1,1808,"ROE_5Y >= 10.035, 現金殖利率 <= 4.905, 毛利率_5Y <= 19.98"
14.56,2.24,13.05,4.24,-1,1615,"ROE_5Y >= 10.035, 現金殖利率 <= 4.905, 毛利率_5Y <= 19.98"
10.32,2.73,12.22,4.41,-1,2006,"ROE_5Y >= 10.035, 現金殖利率 <= 4.905, 毛利率_5Y <= 19.98"
11.96,1.56,16.37,3.95,-1,2012,"ROE_5Y >= 10.035, 現金殖利率 <= 4.905, 毛利率_5Y <= 19.98"
10.91,1.83,15.41,3.6,-1,6282,"ROE_5Y >= 10.035, 現金殖利率 <= 4.905, 毛利率_5Y <= 19.98"
18.33,9.13,13.3,2.4,-1,9914,"ROE_5Y >= 10.035, 現金殖利率 <= 4.905, 毛利率_5Y <= 19.98"
11.43,2.59,18.75,4.14,-1,6552,"ROE_5Y >= 10.035, 現金殖利率 <= 4.905, 毛利率_5Y <= 19.98"
13.16,1.36,18.58,2.56,-1,9935,"ROE_5Y >= 10.035, 現金殖利率 <= 4.905, 毛利率_5Y <= 19.98"
11.47,1.54,15.84,2.74,-1,8215,"ROE_5Y >= 10.035, 現金殖利率 <= 4.905, 毛利率_5Y <= 19.98"
11.5,6.33,13.57,4.11,-1,3596,"ROE_5Y >= 10.035, 現金殖利率 <= 4.905, 毛利率_5Y <= 19.98"
27.85,12.25,10.09,1.42,-1,8454,"ROE_5Y >= 10.035, 現金殖利率 <= 4.905, 毛利率_5Y <= 19.98"
23.37,12.12,17.48,3.39,-1,4439,"ROE_5Y >= 10.035, 現金殖利率 <= 4.905, 毛利率_5Y <= 19.98"
14.98,5.01,11.28,2.68,-1,6196,"ROE_5Y >= 10.035, 現金殖利率 <= 4.905, 毛利率_5Y <= 19.98"
18.21,2.76,11.11,4.24,-1,1309,"ROE_5Y >= 10.035, 現金殖利率 <= 4.905, 毛利率_5Y <= 19.98"
14.31,7.62,8.27,4.62,-1,3010,"ROE_5Y >= 10.035, 現金殖利率 <= 4.905, 毛利率_5Y <= 19.98"
33.7,7.29,19.57,1.98,-1,2345,"ROE_5Y >= 10.035, 現金殖利率 <= 4.905, 毛利率_5Y <= 19.98"
12.9,4.81,17.59,4.59,-1,4927,"ROE_5Y >= 10.035, 現金殖利率 <= 4.905, 毛利率_5Y <= 19.98"
18.27,9.44,12.13,3.99,-1,5434,"ROE_5Y >= 10.035, 現金殖利率 <= 4.905, 毛利率_5Y <= 19.98"
25.42,6.54,11.65,3.45,-1,1232,"ROE_5Y >= 10.035, 現金殖利率 <= 4.905, 毛利率_5Y <= 19.98"
13.25,6.0,19.3,1.4,-1,9802,"ROE_5Y >= 10.035, 現金殖利率 <= 4.905, 毛利率_5Y <= 19.98"
